List separator=,Decimal symbol=.
hoist ,
LANGID_809,hoist_up
1,1
hoist_TP_array.time_array[0],100
hoist_TP_array.time_array[1],100
hoist_TP_array.time_array[2],100
hoist_TP_array.time_array[3],100
hoist_TP_array.time_array[4],100
hoist_TP_array.time_array[5],100
hoist_TP_array.time_array[6],100
hoist_TP_array.time_array[7],100
hoist_TP_array.time_array[8],100
hoist_TP_array.time_array[9],100
hoist_TP_array.time_array[10],100
hoist_TP_array.time_array[11],100
hoist_TP_array.time_array[12],100
hoist_TP_array.time_array[13],100
hoist_TP_array.time_array[14],100
hoist_TP_array.time_array[15],100
hoist_TP_array.time_array[16],100
hoist_TP_array.time_array[17],100
hoist_TP_array.time_array[18],100
hoist_TP_array.time_array[19],100
hoist_TP_array.time_array[20],100
hoist_TP_array.time_array[21],100
hoist_TP_array.time_array[22],100
hoist_TP_array.time_array[23],100
hoist_TP_array.time_array[24],100
hoist_TP_array.time_array[25],100
hoist_TP_array.time_array[26],100
hoist_TP_array.time_array[27],100
hoist_TP_array.time_array[28],100
hoist_TP_array.time_array[29],100
hoist_TP_array.time_array[30],100
hoist_TP_array.time_array[31],100
hoist_TP_array.time_array[32],100
hoist_TP_array.time_array[33],100
hoist_TP_array.time_array[34],100
hoist_TP_array.time_array[35],100
hoist_TP_array.time_array[36],100
hoist_TP_array.time_array[37],100
hoist_TP_array.time_array[38],100
hoist_TP_array.time_array[39],100
hoist_TP_array.time_array[40],100
hoist_TP_array.time_array[41],100
hoist_TP_array.time_array[42],100
hoist_TP_array.time_array[43],100
hoist_TP_array.time_array[44],100
hoist_TP_array.time_array[45],100
hoist_TP_array.time_array[46],100
hoist_TP_array.time_array[47],100
hoist_TP_array.time_array[48],100
hoist_TP_array.time_array[49],100
hoist_TP_array.time_array[50],100
hoist_TP_array.time_array[51],100
hoist_TP_array.time_array[52],100
hoist_TP_array.time_array[53],100
hoist_TP_array.time_array[54],100
hoist_TP_array.time_array[55],100
hoist_TP_array.time_array[56],100
hoist_TP_array.time_array[57],100
hoist_TP_array.time_array[58],100
hoist_TP_array.time_array[59],100
hoist_TP_array.time_array[60],100
hoist_TP_array.time_array[61],100
hoist_TP_array.time_array[62],100
hoist_TP_array.time_array[63],100
hoist_TP_array.time_array[64],100
hoist_TP_array.time_array[65],100
hoist_TP_array.time_array[66],100
hoist_TP_array.time_array[67],100
hoist_TP_array.time_array[68],100
hoist_TP_array.time_array[69],100
hoist_TP_array.time_array[70],100
hoist_TP_array.time_array[71],100
hoist_TP_array.time_array[72],100
hoist_TP_array.time_array[73],100
hoist_TP_array.time_array[74],100
hoist_TP_array.time_array[75],100
hoist_TP_array.time_array[76],100
hoist_TP_array.time_array[77],100
hoist_TP_array.time_array[78],100
hoist_TP_array.time_array[79],100
hoist_TP_array.time_array[80],100
hoist_TP_array.time_array[81],100
hoist_TP_array.time_array[82],100
hoist_TP_array.time_array[83],100
hoist_TP_array.time_array[84],100
hoist_TP_array.time_array[85],100
hoist_TP_array.time_array[86],100
hoist_TP_array.time_array[87],100
hoist_TP_array.time_array[88],100
hoist_TP_array.time_array[89],100
hoist_TP_array.time_array[90],100
hoist_TP_array.time_array[91],100
hoist_TP_array.time_array[92],100
hoist_TP_array.time_array[93],100
hoist_TP_array.time_array[94],100
hoist_TP_array.time_array[95],100
hoist_TP_array.time_array[96],100
hoist_TP_array.time_array[97],100
hoist_TP_array.time_array[98],100
hoist_TP_array.time_array[99],100
hoist_TP_array.time_array[100],100
hoist_TP_array.time_array[101],100
hoist_TP_array.time_array[102],100
hoist_TP_array.time_array[103],100
hoist_TP_array.time_array[104],100
hoist_TP_array.time_array[105],100
hoist_TP_array.time_array[106],100
hoist_TP_array.time_array[107],100
hoist_TP_array.time_array[108],100
hoist_TP_array.time_array[109],100
hoist_TP_array.time_array[110],100
hoist_TP_array.time_array[111],100
hoist_TP_array.time_array[112],100
hoist_TP_array.time_array[113],100
hoist_TP_array.time_array[114],100
hoist_TP_array.time_array[115],100
hoist_TP_array.time_array[116],100
hoist_TP_array.time_array[117],100
hoist_TP_array.time_array[118],100
hoist_TP_array.time_array[119],100
hoist_TP_array.time_array[120],100
hoist_TP_array.time_array[121],100
hoist_TP_array.time_array[122],100
hoist_TP_array.time_array[123],100
hoist_TP_array.time_array[124],100
hoist_TP_array.time_array[125],100
hoist_TP_array.time_array[126],100
hoist_TP_array.time_array[127],100
hoist_TP_array.time_array[128],100
hoist_TP_array.time_array[129],100
hoist_TP_array.time_array[130],100
hoist_TP_array.time_array[131],100
hoist_TP_array.time_array[132],100
hoist_TP_array.time_array[133],100
hoist_TP_array.time_array[134],100
hoist_TP_array.time_array[135],100
hoist_TP_array.time_array[136],100
hoist_TP_array.time_array[137],100
hoist_TP_array.time_array[138],100
hoist_TP_array.time_array[139],100
hoist_TP_array.time_array[140],100
hoist_TP_array.time_array[141],100
hoist_TP_array.time_array[142],100
hoist_TP_array.time_array[143],100
hoist_TP_array.time_array[144],100
hoist_TP_array.time_array[145],100
hoist_TP_array.time_array[146],100
hoist_TP_array.time_array[147],100
hoist_TP_array.time_array[148],100
hoist_TP_array.time_array[149],100
hoist_TP_array.time_array[150],100
hoist_TP_array.time_array[151],100
hoist_TP_array.time_array[152],100
hoist_TP_array.time_array[153],100
hoist_TP_array.time_array[154],100
hoist_TP_array.time_array[155],0
hoist_TP_array.time_array[156],0
hoist_TP_array.time_array[157],0
hoist_TP_array.time_array[158],0
hoist_TP_array.time_array[159],0
hoist_TP_array.time_array[160],0
hoist_TP_array.time_array[161],0
hoist_TP_array.time_array[162],0
hoist_TP_array.time_array[163],0
hoist_TP_array.time_array[164],0
hoist_TP_array.time_array[165],0
hoist_TP_array.time_array[166],0
hoist_TP_array.time_array[167],0
hoist_TP_array.time_array[168],0
hoist_TP_array.time_array[169],0
hoist_TP_array.time_array[170],0
hoist_TP_array.time_array[171],0
hoist_TP_array.time_array[172],0
hoist_TP_array.time_array[173],0
hoist_TP_array.time_array[174],0
hoist_TP_array.time_array[175],0
hoist_TP_array.time_array[176],0
hoist_TP_array.time_array[177],0
hoist_TP_array.time_array[178],0
hoist_TP_array.time_array[179],0
hoist_TP_array.time_array[180],0
hoist_TP_array.time_array[181],0
hoist_TP_array.time_array[182],0
hoist_TP_array.time_array[183],0
hoist_TP_array.time_array[184],0
hoist_TP_array.time_array[185],0
hoist_TP_array.time_array[186],0
hoist_TP_array.time_array[187],0
hoist_TP_array.time_array[188],0
hoist_TP_array.time_array[189],0
hoist_TP_array.time_array[190],0
hoist_TP_array.time_array[191],0
hoist_TP_array.time_array[192],0
hoist_TP_array.time_array[193],0
hoist_TP_array.time_array[194],0
hoist_TP_array.time_array[195],0
hoist_TP_array.time_array[196],0
hoist_TP_array.time_array[197],0
hoist_TP_array.time_array[198],0
hoist_TP_array.time_array[199],0
hoist_TP_array.time_array[200],0
hoist_TP_array.time_array[201],0
hoist_TP_array.time_array[202],0
hoist_TP_array.time_array[203],0
hoist_TP_array.time_array[204],0
hoist_TP_array.time_array[205],0
hoist_TP_array.time_array[206],0
hoist_TP_array.time_array[207],0
hoist_TP_array.time_array[208],0
hoist_TP_array.time_array[209],0
hoist_TP_array.time_array[210],0
hoist_TP_array.time_array[211],0
hoist_TP_array.time_array[212],0
hoist_TP_array.time_array[213],0
hoist_TP_array.time_array[214],0
hoist_TP_array.time_array[215],0
hoist_TP_array.time_array[216],0
hoist_TP_array.time_array[217],0
hoist_TP_array.time_array[218],0
hoist_TP_array.time_array[219],0
hoist_TP_array.time_array[220],0
hoist_TP_array.time_array[221],0
hoist_TP_array.time_array[222],0
hoist_TP_array.time_array[223],0
hoist_TP_array.time_array[224],0
hoist_TP_array.time_array[225],0
hoist_TP_array.time_array[226],0
hoist_TP_array.time_array[227],0
hoist_TP_array.time_array[228],0
hoist_TP_array.time_array[229],0
hoist_TP_array.time_array[230],0
hoist_TP_array.time_array[231],0
hoist_TP_array.time_array[232],0
hoist_TP_array.time_array[233],0
hoist_TP_array.time_array[234],0
hoist_TP_array.time_array[235],0
hoist_TP_array.time_array[236],0
hoist_TP_array.time_array[237],0
hoist_TP_array.time_array[238],0
hoist_TP_array.time_array[239],0
hoist_TP_array.time_array[240],0
hoist_TP_array.time_array[241],0
hoist_TP_array.time_array[242],0
hoist_TP_array.time_array[243],0
hoist_TP_array.time_array[244],0
hoist_TP_array.time_array[245],0
hoist_TP_array.time_array[246],0
hoist_TP_array.time_array[247],0
hoist_TP_array.time_array[248],0
hoist_TP_array.time_array[249],0
hoist_TP_array.time_array[250],0
hoist_TP_array.time_array[251],0
hoist_TP_array.time_array[252],0
hoist_TP_array.time_array[253],0
hoist_TP_array.time_array[254],0
hoist_TP_array.time_array[255],0
hoist_TP_array.time_array[256],0
hoist_TP_array.time_array[257],0
hoist_TP_array.time_array[258],0
hoist_TP_array.time_array[259],0
hoist_TP_array.time_array[260],0
hoist_TP_array.time_array[261],0
hoist_TP_array.time_array[262],0
hoist_TP_array.time_array[263],0
hoist_TP_array.time_array[264],0
hoist_TP_array.time_array[265],0
hoist_TP_array.time_array[266],0
hoist_TP_array.time_array[267],0
hoist_TP_array.time_array[268],0
hoist_TP_array.time_array[269],0
hoist_TP_array.time_array[270],0
hoist_TP_array.time_array[271],0
hoist_TP_array.time_array[272],0
hoist_TP_array.time_array[273],0
hoist_TP_array.time_array[274],0
hoist_TP_array.time_array[275],0
hoist_TP_array.time_array[276],0
hoist_TP_array.time_array[277],0
hoist_TP_array.time_array[278],0
hoist_TP_array.time_array[279],0
hoist_TP_array.time_array[280],0
hoist_TP_array.time_array[281],0
hoist_TP_array.time_array[282],0
hoist_TP_array.time_array[283],0
hoist_TP_array.time_array[284],0
hoist_TP_array.time_array[285],0
hoist_TP_array.time_array[286],0
hoist_TP_array.time_array[287],0
hoist_TP_array.time_array[288],0
hoist_TP_array.time_array[289],0
hoist_TP_array.time_array[290],0
hoist_TP_array.time_array[291],0
hoist_TP_array.time_array[292],0
hoist_TP_array.time_array[293],0
hoist_TP_array.time_array[294],0
hoist_TP_array.time_array[295],0
hoist_TP_array.time_array[296],0
hoist_TP_array.time_array[297],0
hoist_TP_array.time_array[298],0
hoist_TP_array.time_array[299],0
hoist_TP_array.time_array[300],0
hoist_TP_array.time_array[301],0
hoist_TP_array.time_array[302],0
hoist_TP_array.time_array[303],0
hoist_TP_array.time_array[304],0
hoist_TP_array.time_array[305],0
hoist_TP_array.time_array[306],0
hoist_TP_array.time_array[307],0
hoist_TP_array.time_array[308],0
hoist_TP_array.time_array[309],0
hoist_TP_array.time_array[310],0
hoist_TP_array.time_array[311],0
hoist_TP_array.time_array[312],0
hoist_TP_array.time_array[313],0
hoist_TP_array.time_array[314],0
hoist_TP_array.time_array[315],0
hoist_TP_array.time_array[316],0
hoist_TP_array.time_array[317],0
hoist_TP_array.time_array[318],0
hoist_TP_array.time_array[319],0
hoist_TP_array.time_array[320],0
hoist_TP_array.time_array[321],0
hoist_TP_array.time_array[322],0
hoist_TP_array.time_array[323],0
hoist_TP_array.time_array[324],0
hoist_TP_array.time_array[325],0
hoist_TP_array.time_array[326],0
hoist_TP_array.time_array[327],0
hoist_TP_array.time_array[328],0
hoist_TP_array.time_array[329],0
hoist_TP_array.time_array[330],0
hoist_TP_array.time_array[331],0
hoist_TP_array.time_array[332],0
hoist_TP_array.time_array[333],0
hoist_TP_array.time_array[334],0
hoist_TP_array.time_array[335],0
hoist_TP_array.time_array[336],0
hoist_TP_array.time_array[337],0
hoist_TP_array.time_array[338],0
hoist_TP_array.time_array[339],0
hoist_TP_array.time_array[340],0
hoist_TP_array.time_array[341],0
hoist_TP_array.time_array[342],0
hoist_TP_array.time_array[343],0
hoist_TP_array.time_array[344],0
hoist_TP_array.time_array[345],0
hoist_TP_array.time_array[346],0
hoist_TP_array.time_array[347],0
hoist_TP_array.time_array[348],-100
hoist_TP_array.time_array[349],-100
hoist_TP_array.time_array[350],-100
hoist_TP_array.time_array[351],-100
hoist_TP_array.time_array[352],-100
hoist_TP_array.time_array[353],-100
hoist_TP_array.time_array[354],-100
hoist_TP_array.time_array[355],-100
hoist_TP_array.time_array[356],-100
hoist_TP_array.time_array[357],-100
hoist_TP_array.time_array[358],-100
hoist_TP_array.time_array[359],-100
hoist_TP_array.time_array[360],-100
hoist_TP_array.time_array[361],-100
hoist_TP_array.time_array[362],-100
hoist_TP_array.time_array[363],-100
hoist_TP_array.time_array[364],-100
hoist_TP_array.time_array[365],-100
hoist_TP_array.time_array[366],-100
hoist_TP_array.time_array[367],-100
hoist_TP_array.time_array[368],-100
hoist_TP_array.time_array[369],-100
hoist_TP_array.time_array[370],-100
hoist_TP_array.time_array[371],-100
hoist_TP_array.time_array[372],-100
hoist_TP_array.time_array[373],-100
hoist_TP_array.time_array[374],-100
hoist_TP_array.time_array[375],-100
hoist_TP_array.time_array[376],-100
hoist_TP_array.time_array[377],-100
hoist_TP_array.time_array[378],-100
hoist_TP_array.time_array[379],-100
hoist_TP_array.time_array[380],-100
hoist_TP_array.time_array[381],-100
hoist_TP_array.time_array[382],-100
hoist_TP_array.time_array[383],-100
hoist_TP_array.time_array[384],-100
hoist_TP_array.time_array[385],-100
hoist_TP_array.time_array[386],-100
hoist_TP_array.time_array[387],-100
hoist_TP_array.time_array[388],-100
hoist_TP_array.time_array[389],-100
hoist_TP_array.time_array[390],-100
hoist_TP_array.time_array[391],-100
hoist_TP_array.time_array[392],-100
hoist_TP_array.time_array[393],-100
hoist_TP_array.time_array[394],-100
hoist_TP_array.time_array[395],-100
hoist_TP_array.time_array[396],-100
hoist_TP_array.time_array[397],-100
hoist_TP_array.time_array[398],-100
hoist_TP_array.time_array[399],-100
hoist_TP_array.time_array[400],-100
hoist_TP_array.time_array[401],-100
hoist_TP_array.time_array[402],-100
hoist_TP_array.time_array[403],-100
hoist_TP_array.time_array[404],-100
hoist_TP_array.time_array[405],-100
hoist_TP_array.time_array[406],-100
hoist_TP_array.time_array[407],-100
hoist_TP_array.time_array[408],-100
hoist_TP_array.time_array[409],-100
hoist_TP_array.time_array[410],-100
hoist_TP_array.time_array[411],-100
hoist_TP_array.time_array[412],-100
hoist_TP_array.time_array[413],-100
hoist_TP_array.time_array[414],-100
hoist_TP_array.time_array[415],-100
hoist_TP_array.time_array[416],-100
hoist_TP_array.time_array[417],-100
hoist_TP_array.time_array[418],-100
hoist_TP_array.time_array[419],-100
hoist_TP_array.time_array[420],-100
hoist_TP_array.time_array[421],-100
hoist_TP_array.time_array[422],-100
hoist_TP_array.time_array[423],-100
hoist_TP_array.time_array[424],-100
hoist_TP_array.time_array[425],-100
hoist_TP_array.time_array[426],-100
hoist_TP_array.time_array[427],-100
hoist_TP_array.time_array[428],-100
hoist_TP_array.time_array[429],-100
hoist_TP_array.time_array[430],-100
hoist_TP_array.time_array[431],-100
hoist_TP_array.time_array[432],-100
hoist_TP_array.time_array[433],-100
hoist_TP_array.time_array[434],-100
hoist_TP_array.time_array[435],-100
hoist_TP_array.time_array[436],-100
hoist_TP_array.time_array[437],-100
hoist_TP_array.time_array[438],-100
hoist_TP_array.time_array[439],-100
hoist_TP_array.time_array[440],-100
hoist_TP_array.time_array[441],-100
hoist_TP_array.time_array[442],-100
hoist_TP_array.time_array[443],-100
hoist_TP_array.time_array[444],-100
hoist_TP_array.time_array[445],-100
hoist_TP_array.time_array[446],-100
hoist_TP_array.time_array[447],-100
hoist_TP_array.time_array[448],-100
hoist_TP_array.time_array[449],-100
hoist_TP_array.time_array[450],-100
hoist_TP_array.time_array[451],-100
hoist_TP_array.time_array[452],-100
hoist_TP_array.time_array[453],-100
hoist_TP_array.time_array[454],-100
hoist_TP_array.time_array[455],-100
hoist_TP_array.time_array[456],-100
hoist_TP_array.time_array[457],-100
hoist_TP_array.time_array[458],-100
hoist_TP_array.time_array[459],-100
hoist_TP_array.time_array[460],-100
hoist_TP_array.time_array[461],-100
hoist_TP_array.time_array[462],-100
hoist_TP_array.time_array[463],-100
hoist_TP_array.time_array[464],-100
hoist_TP_array.time_array[465],-100
hoist_TP_array.time_array[466],-100
hoist_TP_array.time_array[467],-100
hoist_TP_array.time_array[468],-100
hoist_TP_array.time_array[469],-100
hoist_TP_array.time_array[470],-100
hoist_TP_array.time_array[471],-100
hoist_TP_array.time_array[472],-100
hoist_TP_array.time_array[473],-100
hoist_TP_array.time_array[474],-100
hoist_TP_array.time_array[475],-100
hoist_TP_array.time_array[476],-100
hoist_TP_array.time_array[477],-100
hoist_TP_array.time_array[478],-100
hoist_TP_array.time_array[479],-100
hoist_TP_array.time_array[480],-100
hoist_TP_array.time_array[481],-100
hoist_TP_array.time_array[482],-100
hoist_TP_array.time_array[483],-100
hoist_TP_array.time_array[484],-100
hoist_TP_array.time_array[485],-100
hoist_TP_array.time_array[486],-100
hoist_TP_array.time_array[487],-100
hoist_TP_array.time_array[488],-100
hoist_TP_array.time_array[489],-100
hoist_TP_array.time_array[490],-100
hoist_TP_array.time_array[491],-100
hoist_TP_array.time_array[492],-100
hoist_TP_array.time_array[493],-100
hoist_TP_array.time_array[494],100
hoist_TP_array.time_array[495],100
hoist_TP_array.time_array[496],100
hoist_TP_array.time_array[499],100
hoist_TP_array.time_array[500],100
hoist_TP_array.time_array[501],100
hoist_TP_array.time_array[502],100
hoist_TP_array.time_array[503],100
hoist_TP_array.time_array[504],100
hoist_TP_array.time_array[505],100
hoist_TP_array.time_array[506],100
hoist_TP_array.time_array[507],100
hoist_TP_array.time_array[508],100
hoist_TP_array.time_array[509],100
hoist_TP_array.time_array[510],100
hoist_TP_array.time_array[511],100
hoist_TP_array.time_array[512],100
hoist_TP_array.time_array[513],100
hoist_TP_array.time_array[514],100
hoist_TP_array.time_array[515],100
hoist_TP_array.time_array[516],100
hoist_TP_array.time_array[517],100
hoist_TP_array.time_array[518],100
hoist_TP_array.time_array[519],100
hoist_TP_array.time_array[520],100
hoist_TP_array.time_array[521],100
hoist_TP_array.time_array[522],100
hoist_TP_array.time_array[523],100
hoist_TP_array.time_array[524],100
hoist_TP_array.time_array[525],100
hoist_TP_array.time_array[526],100
hoist_TP_array.time_array[527],100
hoist_TP_array.time_array[528],100
hoist_TP_array.time_array[529],100
hoist_TP_array.time_array[530],100
hoist_TP_array.time_array[531],100
hoist_TP_array.time_array[532],100
hoist_TP_array.time_array[533],100
hoist_TP_array.time_array[534],100
hoist_TP_array.time_array[535],100
hoist_TP_array.time_array[536],100
hoist_TP_array.time_array[537],100
hoist_TP_array.time_array[538],100
hoist_TP_array.time_array[539],100
hoist_TP_array.time_array[540],100
hoist_TP_array.time_array[541],100
hoist_TP_array.time_array[542],100
hoist_TP_array.time_array[543],100
hoist_TP_array.time_array[544],100
hoist_TP_array.time_array[545],100
hoist_TP_array.time_array[546],100
hoist_TP_array.time_array[547],100
hoist_TP_array.time_array[548],100
hoist_TP_array.time_array[549],100
hoist_TP_array.time_array[550],100
hoist_TP_array.time_array[551],100
hoist_TP_array.time_array[552],100
hoist_TP_array.time_array[553],100
hoist_TP_array.time_array[554],100
hoist_TP_array.time_array[555],100
hoist_TP_array.time_array[556],100
hoist_TP_array.time_array[557],100
hoist_TP_array.time_array[558],100
hoist_TP_array.time_array[559],100
hoist_TP_array.time_array[560],100
hoist_TP_array.time_array[561],100
hoist_TP_array.time_array[562],100
hoist_TP_array.time_array[563],100
hoist_TP_array.time_array[564],100
hoist_TP_array.time_array[565],100
hoist_TP_array.time_array[566],100
hoist_TP_array.time_array[567],100
hoist_TP_array.time_array[568],100
hoist_TP_array.time_array[569],100
hoist_TP_array.time_array[570],100
hoist_TP_array.time_array[571],100
hoist_TP_array.time_array[572],100
hoist_TP_array.time_array[573],100
hoist_TP_array.time_array[574],100
hoist_TP_array.time_array[575],100
hoist_TP_array.time_array[576],100
hoist_TP_array.time_array[577],100
hoist_TP_array.time_array[578],100
hoist_TP_array.time_array[579],100
hoist_TP_array.time_array[580],100
hoist_TP_array.time_array[581],100
hoist_TP_array.time_array[582],100
hoist_TP_array.time_array[583],100
hoist_TP_array.time_array[584],100
hoist_TP_array.time_array[585],100
hoist_TP_array.time_array[586],100
hoist_TP_array.time_array[587],100
hoist_TP_array.time_array[588],100
hoist_TP_array.time_array[589],100
hoist_TP_array.time_array[590],100
hoist_TP_array.time_array[591],100
hoist_TP_array.time_array[592],100
hoist_TP_array.time_array[593],100
hoist_TP_array.time_array[594],100
hoist_TP_array.time_array[595],100
hoist_TP_array.time_array[596],100
hoist_TP_array.time_array[597],100
hoist_TP_array.time_array[598],100
hoist_TP_array.time_array[599],100
hoist_TP_array.time_array[600],100
hoist_TP_array.time_array[601],100
hoist_TP_array.time_array[602],100
hoist_TP_array.time_array[603],100
hoist_TP_array.time_array[604],100
hoist_TP_array.time_array[605],100
hoist_TP_array.time_array[606],100
hoist_TP_array.time_array[607],100
hoist_TP_array.time_array[608],100
hoist_TP_array.time_array[609],100
hoist_TP_array.time_array[610],100
hoist_TP_array.time_array[611],100
hoist_TP_array.time_array[612],100
hoist_TP_array.time_array[613],100
hoist_TP_array.time_array[614],100
hoist_TP_array.time_array[615],100
hoist_TP_array.time_array[616],100
hoist_TP_array.time_array[617],100
hoist_TP_array.time_array[618],100
hoist_TP_array.time_array[619],100
hoist_TP_array.time_array[620],100
hoist_TP_array.time_array[621],100
hoist_TP_array.time_array[622],100
hoist_TP_array.time_array[623],100
hoist_TP_array.time_array[624],100
hoist_TP_array.time_array[625],100
hoist_TP_array.time_array[626],100
hoist_TP_array.time_array[627],100
hoist_TP_array.time_array[628],100
hoist_TP_array.time_array[629],100
hoist_TP_array.time_array[630],100
hoist_TP_array.time_array[631],100
hoist_TP_array.time_array[632],100
hoist_TP_array.time_array[633],100
hoist_TP_array.time_array[634],100
hoist_TP_array.time_array[635],100
hoist_TP_array.time_array[636],100
hoist_TP_array.time_array[637],100
hoist_TP_array.time_array[638],100
hoist_TP_array.time_array[639],100
hoist_TP_array.time_array[640],100
hoist_TP_array.time_array[641],100
hoist_TP_array.time_array[642],100
hoist_TP_array.time_array[643],100
hoist_TP_array.time_array[644],0
hoist_TP_array.time_array[645],0
hoist_TP_array.time_array[646],0
hoist_TP_array.time_array[647],0
hoist_TP_array.time_array[648],0
hoist_TP_array.time_array[649],0
hoist_TP_array.time_array[650],0
hoist_TP_array.time_array[651],0
hoist_TP_array.time_array[652],0
hoist_TP_array.time_array[653],0
hoist_TP_array.time_array[654],0
hoist_TP_array.time_array[655],0
hoist_TP_array.time_array[656],0
hoist_TP_array.time_array[657],0
hoist_TP_array.time_array[658],0
hoist_TP_array.time_array[659],0
hoist_TP_array.time_array[660],0
hoist_TP_array.time_array[661],0
hoist_TP_array.time_array[662],0
hoist_TP_array.time_array[663],0
hoist_TP_array.time_array[664],0
hoist_TP_array.time_array[665],0
hoist_TP_array.time_array[666],0
hoist_TP_array.time_array[667],0
hoist_TP_array.time_array[668],0
hoist_TP_array.time_array[669],0
hoist_TP_array.time_array[670],0
hoist_TP_array.time_array[671],0
hoist_TP_array.time_array[672],0
hoist_TP_array.time_array[673],0
hoist_TP_array.time_array[674],0
hoist_TP_array.time_array[675],0
hoist_TP_array.time_array[676],0
hoist_TP_array.time_array[677],0
hoist_TP_array.time_array[678],0
hoist_TP_array.time_array[679],0
hoist_TP_array.time_array[680],0
hoist_TP_array.time_array[681],0
hoist_TP_array.time_array[682],0
hoist_TP_array.time_array[683],0
hoist_TP_array.time_array[684],0
hoist_TP_array.time_array[685],0
hoist_TP_array.time_array[686],0
hoist_TP_array.time_array[687],0
hoist_TP_array.time_array[688],0
hoist_TP_array.time_array[689],0
hoist_TP_array.time_array[690],0
hoist_TP_array.time_array[691],0
hoist_TP_array.time_array[692],0
hoist_TP_array.time_array[693],0
hoist_TP_array.time_array[694],0
hoist_TP_array.time_array[695],0
hoist_TP_array.time_array[696],0
hoist_TP_array.time_array[697],0
hoist_TP_array.time_array[698],0
hoist_TP_array.time_array[699],0
hoist_TP_array.time_array[700],0
hoist_TP_array.time_array[701],0
hoist_TP_array.time_array[702],0
hoist_TP_array.time_array[703],0
hoist_TP_array.time_array[704],0
hoist_TP_array.time_array[705],0
hoist_TP_array.time_array[706],0
hoist_TP_array.time_array[707],0
hoist_TP_array.time_array[708],0
hoist_TP_array.time_array[709],0
hoist_TP_array.time_array[710],0
hoist_TP_array.time_array[711],0
hoist_TP_array.time_array[712],0
hoist_TP_array.time_array[713],0
hoist_TP_array.time_array[714],0
hoist_TP_array.time_array[715],0
hoist_TP_array.time_array[716],0
hoist_TP_array.time_array[717],0
hoist_TP_array.time_array[718],0
hoist_TP_array.time_array[719],0
hoist_TP_array.time_array[720],0
hoist_TP_array.time_array[721],0
hoist_TP_array.time_array[722],0
hoist_TP_array.time_array[723],0
hoist_TP_array.time_array[724],0
hoist_TP_array.time_array[725],0
hoist_TP_array.time_array[726],0
hoist_TP_array.time_array[727],0
hoist_TP_array.time_array[728],0
hoist_TP_array.time_array[729],0
hoist_TP_array.time_array[730],0
hoist_TP_array.time_array[731],0
hoist_TP_array.time_array[732],0
hoist_TP_array.time_array[733],0
hoist_TP_array.time_array[734],0
hoist_TP_array.time_array[735],0
hoist_TP_array.time_array[736],0
hoist_TP_array.time_array[737],0
hoist_TP_array.time_array[738],0
hoist_TP_array.time_array[739],0
hoist_TP_array.time_array[740],0
hoist_TP_array.time_array[741],0
hoist_TP_array.time_array[742],0
hoist_TP_array.time_array[743],0
hoist_TP_array.time_array[744],0
hoist_TP_array.time_array[745],0
hoist_TP_array.time_array[746],0
hoist_TP_array.time_array[747],0
hoist_TP_array.time_array[748],0
hoist_TP_array.time_array[749],0
hoist_TP_array.time_array[750],0
hoist_TP_array.time_array[751],0
hoist_TP_array.time_array[752],0
hoist_TP_array.time_array[753],0
hoist_TP_array.time_array[754],0
hoist_TP_array.time_array[755],0
hoist_TP_array.time_array[756],0
hoist_TP_array.time_array[757],0
hoist_TP_array.time_array[758],0
hoist_TP_array.time_array[759],0
hoist_TP_array.time_array[760],0
hoist_TP_array.time_array[761],0
hoist_TP_array.time_array[762],0
hoist_TP_array.time_array[763],0
hoist_TP_array.time_array[764],0
hoist_TP_array.time_array[765],0
hoist_TP_array.time_array[766],0
hoist_TP_array.time_array[767],0
hoist_TP_array.time_array[768],0
hoist_TP_array.time_array[769],0
hoist_TP_array.time_array[770],0
hoist_TP_array.time_array[771],0
hoist_TP_array.time_array[772],0
hoist_TP_array.time_array[773],0
hoist_TP_array.time_array[774],0
hoist_TP_array.time_array[775],0
hoist_TP_array.time_array[776],0
hoist_TP_array.time_array[777],0
hoist_TP_array.time_array[778],0
hoist_TP_array.time_array[779],0
hoist_TP_array.time_array[780],0
hoist_TP_array.time_array[781],0
hoist_TP_array.time_array[782],0
hoist_TP_array.time_array[783],0
hoist_TP_array.time_array[784],0
hoist_TP_array.time_array[785],0
hoist_TP_array.time_array[786],0
hoist_TP_array.time_array[787],0
hoist_TP_array.time_array[788],0
hoist_TP_array.time_array[789],0
hoist_TP_array.time_array[790],0
hoist_TP_array.time_array[791],0
hoist_TP_array.time_array[792],0
hoist_TP_array.time_array[793],0
hoist_TP_array.time_array[794],0
hoist_TP_array.time_array[795],0
hoist_TP_array.time_array[796],0
hoist_TP_array.time_array[797],0
hoist_TP_array.time_array[798],0
hoist_TP_array.time_array[799],0
hoist_TP_array.time_array[800],0
hoist_TP_array.time_array[801],0
hoist_TP_array.time_array[802],0
hoist_TP_array.time_array[803],0
hoist_TP_array.time_array[804],0
hoist_TP_array.time_array[805],0
hoist_TP_array.time_array[806],0
hoist_TP_array.time_array[807],0
hoist_TP_array.time_array[808],0
hoist_TP_array.time_array[809],0
hoist_TP_array.time_array[810],0
hoist_TP_array.time_array[811],0
hoist_TP_array.time_array[812],0
hoist_TP_array.time_array[813],0
hoist_TP_array.time_array[814],0
hoist_TP_array.time_array[815],0
hoist_TP_array.time_array[816],0
hoist_TP_array.time_array[817],0
hoist_TP_array.time_array[818],0
hoist_TP_array.time_array[819],0
hoist_TP_array.time_array[820],0
hoist_TP_array.time_array[821],0
hoist_TP_array.time_array[822],0
hoist_TP_array.time_array[823],0
hoist_TP_array.time_array[824],0
hoist_TP_array.time_array[825],0
hoist_TP_array.time_array[826],0
hoist_TP_array.time_array[827],0
hoist_TP_array.time_array[828],0
hoist_TP_array.time_array[829],0
hoist_TP_array.time_array[830],0
hoist_TP_array.time_array[831],0
hoist_TP_array.time_array[832],0
hoist_TP_array.time_array[833],0
hoist_TP_array.time_array[834],0
hoist_TP_array.time_array[835],0
hoist_TP_array.time_array[836],0
hoist_TP_array.time_array[837],0
hoist_TP_array.time_array[838],0
hoist_TP_array.time_array[839],0
hoist_TP_array.time_array[840],0
hoist_TP_array.time_array[841],0
hoist_TP_array.time_array[842],0
hoist_TP_array.time_array[843],0
hoist_TP_array.time_array[844],0
hoist_TP_array.time_array[845],0
hoist_TP_array.time_array[846],0
hoist_TP_array.time_array[847],0
hoist_TP_array.time_array[848],0
hoist_TP_array.time_array[849],0
hoist_TP_array.time_array[850],0
hoist_TP_array.time_array[851],0
hoist_TP_array.time_array[852],0
hoist_TP_array.time_array[853],0
hoist_TP_array.time_array[854],0
hoist_TP_array.time_array[855],0
hoist_TP_array.time_array[856],0
hoist_TP_array.time_array[857],0
hoist_TP_array.time_array[858],0
hoist_TP_array.time_array[859],0
hoist_TP_array.time_array[860],0
hoist_TP_array.time_array[861],0
hoist_TP_array.time_array[862],0
hoist_TP_array.time_array[863],0
hoist_TP_array.time_array[864],0
hoist_TP_array.time_array[865],0
hoist_TP_array.time_array[866],0
hoist_TP_array.time_array[867],0
hoist_TP_array.time_array[868],0
hoist_TP_array.time_array[869],0
hoist_TP_array.time_array[870],0
hoist_TP_array.time_array[871],0
hoist_TP_array.time_array[872],0
hoist_TP_array.time_array[873],0
hoist_TP_array.time_array[874],0
hoist_TP_array.time_array[875],0
hoist_TP_array.time_array[876],0
hoist_TP_array.time_array[877],0
hoist_TP_array.time_array[878],0
hoist_TP_array.time_array[879],0
hoist_TP_array.time_array[880],0
hoist_TP_array.time_array[881],0
hoist_TP_array.time_array[882],0
hoist_TP_array.time_array[883],0
hoist_TP_array.time_array[884],0
hoist_TP_array.time_array[885],0
hoist_TP_array.time_array[886],0
hoist_TP_array.time_array[887],0
hoist_TP_array.time_array[888],0
hoist_TP_array.time_array[889],0
hoist_TP_array.time_array[890],0
hoist_TP_array.time_array[891],0
hoist_TP_array.time_array[892],0
hoist_TP_array.time_array[893],0
hoist_TP_array.time_array[894],0
hoist_TP_array.time_array[895],0
hoist_TP_array.time_array[896],0
hoist_TP_array.time_array[897],0
hoist_TP_array.time_array[898],0
hoist_TP_array.time_array[899],0
hoist_TP_array.time_array[900],0
hoist_TP_array.time_array[901],0
hoist_TP_array.time_array[902],0
hoist_TP_array.time_array[903],0
hoist_TP_array.time_array[904],0
hoist_TP_array.time_array[905],0
hoist_TP_array.time_array[906],0
hoist_TP_array.time_array[907],0
hoist_TP_array.time_array[908],0
hoist_TP_array.time_array[909],0
hoist_TP_array.time_array[910],0
hoist_TP_array.time_array[911],0
hoist_TP_array.time_array[912],0
hoist_TP_array.time_array[913],0
hoist_TP_array.time_array[914],0
hoist_TP_array.time_array[915],0
hoist_TP_array.time_array[916],0
hoist_TP_array.time_array[917],0
hoist_TP_array.time_array[918],0
hoist_TP_array.time_array[919],0
hoist_TP_array.time_array[920],0
hoist_TP_array.time_array[921],0
hoist_TP_array.time_array[922],0
hoist_TP_array.time_array[923],0
hoist_TP_array.time_array[924],0
hoist_TP_array.time_array[925],-100
hoist_TP_array.time_array[926],-100
hoist_TP_array.time_array[927],-100
hoist_TP_array.time_array[928],-100
hoist_TP_array.time_array[929],-100
hoist_TP_array.time_array[930],-100
hoist_TP_array.time_array[931],-100
hoist_TP_array.time_array[932],-100
hoist_TP_array.time_array[933],-100
hoist_TP_array.time_array[934],-100
hoist_TP_array.time_array[935],-100
hoist_TP_array.time_array[936],-100
hoist_TP_array.time_array[937],-100
hoist_TP_array.time_array[938],-100
hoist_TP_array.time_array[939],-100
hoist_TP_array.time_array[940],-100
hoist_TP_array.time_array[941],-100
hoist_TP_array.time_array[942],-100
hoist_TP_array.time_array[943],-100
hoist_TP_array.time_array[944],-100
hoist_TP_array.time_array[945],-100
hoist_TP_array.time_array[946],-100
hoist_TP_array.time_array[947],-100
hoist_TP_array.time_array[948],-100
hoist_TP_array.time_array[949],-100
hoist_TP_array.time_array[950],-100
hoist_TP_array.time_array[951],-100
hoist_TP_array.time_array[952],-100
hoist_TP_array.time_array[953],-100
hoist_TP_array.time_array[954],-100
hoist_TP_array.time_array[955],-100
hoist_TP_array.time_array[956],-100
hoist_TP_array.time_array[957],-100
hoist_TP_array.time_array[958],-100
hoist_TP_array.time_array[959],-100
hoist_TP_array.time_array[960],-100
hoist_TP_array.time_array[961],-100
hoist_TP_array.time_array[962],-100
hoist_TP_array.time_array[963],-100
hoist_TP_array.time_array[964],-100
hoist_TP_array.time_array[965],-100
hoist_TP_array.time_array[966],-100
hoist_TP_array.time_array[967],-100
hoist_TP_array.time_array[968],-100
hoist_TP_array.time_array[969],-100
hoist_TP_array.time_array[970],-100
hoist_TP_array.time_array[971],-100
hoist_TP_array.time_array[972],-100
hoist_TP_array.time_array[973],-100
hoist_TP_array.time_array[974],-100
hoist_TP_array.time_array[975],-100
hoist_TP_array.time_array[976],-100
hoist_TP_array.time_array[977],-100
hoist_TP_array.time_array[978],-100
hoist_TP_array.time_array[979],-100
hoist_TP_array.time_array[980],-100
hoist_TP_array.time_array[981],-100
hoist_TP_array.time_array[982],-100
hoist_TP_array.time_array[983],-100
hoist_TP_array.time_array[984],-100
hoist_TP_array.time_array[985],-100
hoist_TP_array.time_array[986],-100
hoist_TP_array.time_array[987],-100
hoist_TP_array.time_array[988],-100
hoist_TP_array.time_array[989],-100
hoist_TP_array.time_array[990],-100
hoist_TP_array.time_array[991],-100
hoist_TP_array.time_array[992],-100
hoist_TP_array.time_array[993],-100
hoist_TP_array.time_array[994],-100
hoist_TP_array.time_array[995],-100
hoist_TP_array.time_array[996],-100
hoist_TP_array.time_array[997],-100
hoist_TP_array.time_array[998],-100
hoist_TP_array.time_array[999],-100
hoist_TP_array.time_array[1000],-100
hoist_TP_array.time_array[1001],-100
hoist_TP_array.time_array[1002],-100
hoist_TP_array.time_array[1003],-100
hoist_TP_array.time_array[1004],-100
hoist_TP_array.time_array[1005],-100
hoist_TP_array.time_array[1006],-100
hoist_TP_array.time_array[1007],-100
hoist_TP_array.time_array[1008],-100
hoist_TP_array.time_array[1009],-100
hoist_TP_array.time_array[1010],-100
hoist_TP_array.time_array[1011],-100
hoist_TP_array.time_array[1012],-100
hoist_TP_array.time_array[1013],-100
hoist_TP_array.time_array[1014],-100
hoist_TP_array.time_array[1015],-100
hoist_TP_array.time_array[1016],-100
hoist_TP_array.time_array[1017],-100
hoist_TP_array.time_array[1018],-100
hoist_TP_array.time_array[1019],-100
hoist_TP_array.time_array[1020],-100
hoist_TP_array.time_array[1021],-100
hoist_TP_array.time_array[1022],-100
hoist_TP_array.time_array[1023],-100
hoist_TP_array.time_array[1024],-100
hoist_TP_array.time_array[1025],-100
hoist_TP_array.time_array[1026],-100
hoist_TP_array.time_array[1027],-100
hoist_TP_array.time_array[1028],-100
hoist_TP_array.time_array[1029],-100
hoist_TP_array.time_array[1030],-100
hoist_TP_array.time_array[1031],-100
hoist_TP_array.time_array[1032],-100
hoist_TP_array.time_array[1033],-100
hoist_TP_array.time_array[1034],-100
hoist_TP_array.time_array[1035],-100
hoist_TP_array.time_array[1036],-100
hoist_TP_array.time_array[1037],-100
hoist_TP_array.time_array[1038],-100
hoist_TP_array.time_array[1039],-100
hoist_TP_array.time_array[1040],-100
hoist_TP_array.time_array[1041],-100
hoist_TP_array.time_array[1042],-100
hoist_TP_array.time_array[1043],-100
hoist_TP_array.time_array[1044],-100
hoist_TP_array.time_array[1045],-100
hoist_TP_array.time_array[1046],-100
hoist_TP_array.time_array[1047],-100
hoist_TP_array.time_array[1048],-100
hoist_TP_array.time_array[1049],-100
hoist_TP_array.time_array[1050],-100
hoist_TP_array.time_array[1051],-100
hoist_TP_array.time_array[1052],-100
hoist_TP_array.time_array[1053],-100
hoist_TP_array.time_array[1054],-100
hoist_TP_array.time_array[1055],-100
hoist_TP_array.time_array[1056],-100
hoist_TP_array.time_array[1057],-100
hoist_TP_array.time_array[1058],-100
hoist_TP_array.time_array[1059],-100
hoist_TP_array.time_array[1060],-100
hoist_TP_array.time_array[1061],-100
hoist_TP_array.time_array[1062],-100
hoist_TP_array.time_array[1063],-100
hoist_TP_array.time_array[1064],-100
hoist_TP_array.time_array[1065],-100
hoist_TP_array.time_array[1066],-100
hoist_TP_array.time_array[1067],-100
hoist_TP_array.time_array[1068],-100
hoist_TP_array.time_array[1069],-100
hoist_TP_array.time_array[1070],-100
hoist_TP_array.time_array[1071],-100
hoist_TP_array.time_array[1072],-100
hoist_TP_array.time_array[1073],-100
hoist_TP_array.time_array[1074],-100
hoist_TP_array.time_array[1075],-100
hoist_TP_array.time_array[1076],-100
hoist_TP_array.time_array[1077],-100
hoist_TP_array.time_array[1078],-100
hoist_TP_array.time_array[1079],-100
hoist_TP_array.time_array[1080],-100
hoist_TP_array.time_array[1081],-100
hoist_TP_array.time_array[1082],-100
hoist_TP_array.time_array[1083],-100
hoist_TP_array.time_array[1084],-100
hoist_TP_array.time_array[1085],0
hoist_TP_array.time_array[1086],0
hoist_TP_array.time_array[1087],0
hoist_TP_array.time_array[1088],0
hoist_TP_array.time_array[1089],0
hoist_TP_array.time_array[1090],0
hoist_TP_array.time_array[1091],0
hoist_TP_array.time_array[1092],0
hoist_TP_array.time_array[1093],0
hoist_TP_array.time_array[1094],0
hoist_TP_array.time_array[1095],0
hoist_TP_array.time_array[1096],0
hoist_TP_array.time_array[1097],0
hoist_TP_array.time_array[1098],0
hoist_TP_array.time_array[1099],0
hoist_TP_array.time_array[1100],0
hoist_TP_array.time_array[1101],0
hoist_TP_array.time_array[1102],0
hoist_TP_array.time_array[1103],0
hoist_TP_array.time_array[1104],0
hoist_TP_array.time_array[1105],0
hoist_TP_array.time_array[1106],0
hoist_TP_array.time_array[1107],0
hoist_TP_array.time_array[1108],0
hoist_TP_array.time_array[1109],0
hoist_TP_array.time_array[1110],0
hoist_TP_array.time_array[1111],0
hoist_TP_array.time_array[1112],0
hoist_TP_array.time_array[1113],0
hoist_TP_array.time_array[1114],0
hoist_TP_array.time_array[1115],0
hoist_TP_array.time_array[1116],0
hoist_TP_array.time_array[1117],0
hoist_TP_array.time_array[1118],0
hoist_TP_array.time_array[1119],0
hoist_TP_array.time_array[1120],0
hoist_TP_array.time_array[1121],0
hoist_TP_array.time_array[1122],0
hoist_TP_array.time_array[1123],0
hoist_TP_array.time_array[1124],0
hoist_TP_array.time_array[1125],0
hoist_TP_array.time_array[1126],0
hoist_TP_array.time_array[1127],0
hoist_TP_array.time_array[1128],0
hoist_TP_array.time_array[1129],0
hoist_TP_array.time_array[1130],0
hoist_TP_array.time_array[1131],0
hoist_TP_array.time_array[1132],0
hoist_TP_array.time_array[1133],0
hoist_TP_array.time_array[1134],0
hoist_TP_array.time_array[1135],0
hoist_TP_array.time_array[1136],0
hoist_TP_array.time_array[1137],0
hoist_TP_array.time_array[1138],0
hoist_TP_array.time_array[1139],0
hoist_TP_array.time_array[1140],0
hoist_TP_array.time_array[1141],0
hoist_TP_array.time_array[1142],0
hoist_TP_array.time_array[1143],0
hoist_TP_array.time_array[1144],0
hoist_TP_array.time_array[1145],0
hoist_TP_array.time_array[1146],0
hoist_TP_array.time_array[1147],0
hoist_TP_array.time_array[1148],0
hoist_TP_array.time_array[1149],0
hoist_TP_array.time_array[1150],0
hoist_TP_array.time_array[1151],0
hoist_TP_array.time_array[1152],0
hoist_TP_array.time_array[1153],0
hoist_TP_array.time_array[1154],0
hoist_TP_array.time_array[1155],0
hoist_TP_array.time_array[1156],0
hoist_TP_array.time_array[1157],0
hoist_TP_array.time_array[1158],0
hoist_TP_array.time_array[1159],0
hoist_TP_array.time_array[1160],0
hoist_TP_array.time_array[1161],0
hoist_TP_array.time_array[1162],0
hoist_TP_array.time_array[1163],0
hoist_TP_array.time_array[1164],0
hoist_TP_array.time_array[1165],0
hoist_TP_array.time_array[1166],0
hoist_TP_array.time_array[1167],0
hoist_TP_array.time_array[1168],0
hoist_TP_array.time_array[1169],0
hoist_TP_array.time_array[1170],0
hoist_TP_array.time_array[1171],0
hoist_TP_array.time_array[1172],0
hoist_TP_array.time_array[1173],0
hoist_TP_array.time_array[1174],0
hoist_TP_array.time_array[1175],0
hoist_TP_array.time_array[1176],0
hoist_TP_array.time_array[1177],0
hoist_TP_array.time_array[1178],0
hoist_TP_array.time_array[1179],0
hoist_TP_array.time_array[1180],0
hoist_TP_array.time_array[1181],0
hoist_TP_array.time_array[1182],0
hoist_TP_array.time_array[1183],0
hoist_TP_array.time_array[1184],0
hoist_TP_array.time_array[1185],0
hoist_TP_array.time_array[1186],0
hoist_TP_array.time_array[1187],0
hoist_TP_array.time_array[1188],0
hoist_TP_array.time_array[1189],0
hoist_TP_array.time_array[1190],0
hoist_TP_array.time_array[1191],0
hoist_TP_array.time_array[1192],0
hoist_TP_array.time_array[1193],0
hoist_TP_array.time_array[1194],0
hoist_TP_array.time_array[1195],0
hoist_TP_array.time_array[1196],0
hoist_TP_array.time_array[1197],0
hoist_TP_array.time_array[1198],0
hoist_TP_array.time_array[1199],0
hoist_TP_array.time_array[1200],0
hoist_TP_array.time_array[1201],0
hoist_TP_array.time_array[1202],0
hoist_TP_array.time_array[1203],0
hoist_TP_array.time_array[1204],0
hoist_TP_array.time_array[1205],0
hoist_TP_array.time_array[1206],0
hoist_TP_array.time_array[1207],0
hoist_TP_array.time_array[1208],0
hoist_TP_array.time_array[1209],0
hoist_TP_array.time_array[1210],0
hoist_TP_array.time_array[1211],0
hoist_TP_array.time_array[1212],0
hoist_TP_array.time_array[1213],0
hoist_TP_array.time_array[1214],0
hoist_TP_array.time_array[1215],0
hoist_TP_array.time_array[1216],0
hoist_TP_array.time_array[1217],0
hoist_TP_array.time_array[1218],0
hoist_TP_array.time_array[1219],0
hoist_TP_array.time_array[1220],0
hoist_TP_array.time_array[1221],0
hoist_TP_array.time_array[1222],0
hoist_TP_array.time_array[1223],0
hoist_TP_array.time_array[1224],0
hoist_TP_array.time_array[1225],0
hoist_TP_array.time_array[1226],0
hoist_TP_array.time_array[1227],0
hoist_TP_array.time_array[1228],0
hoist_TP_array.time_array[1229],0
hoist_TP_array.time_array[1230],0
hoist_TP_array.time_array[1231],0
hoist_TP_array.time_array[1232],0
hoist_TP_array.time_array[1233],0
hoist_TP_array.time_array[1234],0
hoist_TP_array.time_array[1235],0
hoist_TP_array.time_array[1236],0
hoist_TP_array.time_array[1237],0
hoist_TP_array.time_array[1238],0
hoist_TP_array.time_array[1239],0
hoist_TP_array.time_array[1240],0
hoist_TP_array.time_array[1241],0
hoist_TP_array.time_array[1242],0
hoist_TP_array.time_array[1243],0
hoist_TP_array.time_array[1244],0
hoist_TP_array.time_array[1245],0
hoist_TP_array.time_array[1246],0
hoist_TP_array.time_array[1247],0
hoist_TP_array.time_array[1248],0
hoist_TP_array.time_array[1249],0
hoist_TP_array.time_array[1250],0
hoist_TP_array.time_array[1251],0
hoist_TP_array.time_array[1252],0
hoist_TP_array.time_array[1253],0
hoist_TP_array.time_array[1254],0
hoist_TP_array.time_array[1255],0
hoist_TP_array.time_array[1256],0
hoist_TP_array.time_array[1257],0
hoist_TP_array.time_array[1258],0
hoist_TP_array.time_array[1259],0
hoist_TP_array.time_array[1260],0
hoist_TP_array.time_array[1261],0
hoist_TP_array.time_array[1262],0
hoist_TP_array.time_array[1263],0
hoist_TP_array.time_array[1264],0
hoist_TP_array.time_array[1265],0
hoist_TP_array.time_array[1266],0
hoist_TP_array.time_array[1267],0
hoist_TP_array.time_array[1268],0
hoist_TP_array.time_array[1269],0
hoist_TP_array.time_array[1270],0
hoist_TP_array.time_array[1271],0
hoist_TP_array.time_array[1272],0
hoist_TP_array.time_array[1273],0
hoist_TP_array.time_array[1274],0
hoist_TP_array.time_array[1275],0
hoist_TP_array.time_array[1276],0
hoist_TP_array.time_array[1277],0
hoist_TP_array.time_array[1278],0
hoist_TP_array.time_array[1279],0
hoist_TP_array.time_array[1280],0
hoist_TP_array.time_array[1281],0
hoist_TP_array.time_array[1282],0
hoist_TP_array.time_array[1283],0
hoist_TP_array.time_array[1284],0
hoist_TP_array.time_array[1285],0
hoist_TP_array.time_array[1286],0
hoist_TP_array.time_array[1287],0
hoist_TP_array.time_array[1288],0
hoist_TP_array.time_array[1289],0
hoist_TP_array.time_array[1290],0
hoist_TP_array.time_array[1291],0
hoist_TP_array.time_array[1292],0
hoist_TP_array.time_array[1293],0
hoist_TP_array.time_array[1294],0
hoist_TP_array.time_array[1295],0
hoist_TP_array.time_array[1296],0
hoist_TP_array.time_array[1297],0
hoist_TP_array.time_array[1298],0
hoist_TP_array.time_array[1299],0
hoist_TP_array.time_array[1300],0
hoist_TP_array.time_array[1301],0
hoist_TP_array.time_array[1302],0
hoist_TP_array.time_array[1303],0
hoist_TP_array.time_array[1304],0
hoist_TP_array.time_array[1305],0
hoist_TP_array.time_array[1306],0
hoist_TP_array.time_array[1307],0
hoist_TP_array.time_array[1308],0
hoist_TP_array.time_array[1309],0
hoist_TP_array.time_array[1310],0
hoist_TP_array.time_array[1311],0
hoist_TP_array.time_array[1312],0
hoist_TP_array.time_array[1313],0
hoist_TP_array.time_array[1314],0
hoist_TP_array.time_array[1315],0
hoist_TP_array.time_array[1316],0
hoist_TP_array.time_array[1317],0
hoist_TP_array.time_array[1318],0
hoist_TP_array.time_array[1319],0
hoist_TP_array.time_array[1320],0
hoist_TP_array.time_array[1321],0
hoist_TP_array.time_array[1322],0
hoist_TP_array.time_array[1323],0
hoist_TP_array.time_array[1324],0
hoist_TP_array.time_array[1325],0
hoist_TP_array.time_array[1326],0
hoist_TP_array.time_array[1327],0
hoist_TP_array.time_array[1328],0
hoist_TP_array.time_array[1329],0
hoist_TP_array.time_array[1330],0
hoist_TP_array.time_array[1331],0
hoist_TP_array.time_array[1332],0
hoist_TP_array.time_array[1333],0
hoist_TP_array.time_array[1334],0
hoist_TP_array.time_array[1335],0
hoist_TP_array.time_array[1336],0
hoist_TP_array.time_array[1337],0
hoist_TP_array.time_array[1338],0
hoist_TP_array.time_array[1339],0
hoist_TP_array.time_array[1340],0
hoist_TP_array.time_array[1341],0
hoist_TP_array.time_array[1342],0
hoist_TP_array.time_array[1343],0
hoist_TP_array.time_array[1344],0
hoist_TP_array.time_array[1345],0
hoist_TP_array.time_array[1346],0
hoist_TP_array.time_array[1347],0
hoist_TP_array.time_array[1348],0
hoist_TP_array.time_array[1349],0
hoist_TP_array.time_array[1350],0
hoist_TP_array.time_array[1351],0
hoist_TP_array.time_array[1352],0
hoist_TP_array.time_array[1353],0
hoist_TP_array.time_array[1354],0
hoist_TP_array.time_array[1355],0
hoist_TP_array.time_array[1356],0
hoist_TP_array.time_array[1357],0
hoist_TP_array.time_array[1358],0
hoist_TP_array.time_array[1359],0
hoist_TP_array.time_array[1360],0
hoist_TP_array.time_array[1361],0
hoist_TP_array.time_array[1362],0
hoist_TP_array.time_array[1363],0
hoist_TP_array.time_array[1364],0
hoist_TP_array.time_array[1365],0
hoist_TP_array.time_array[1366],0
hoist_TP_array.time_array[1367],0
hoist_TP_array.time_array[1368],0
hoist_TP_array.time_array[1369],0
hoist_TP_array.time_array[1370],0
hoist_TP_array.time_array[1371],0
hoist_TP_array.time_array[1372],0
hoist_TP_array.time_array[1373],0
hoist_TP_array.time_array[1374],0
hoist_TP_array.time_array[1375],0
hoist_TP_array.time_array[1376],0
hoist_TP_array.time_array[1377],0
hoist_TP_array.time_array[1378],0
hoist_TP_array.time_array[1379],0
hoist_TP_array.time_array[1380],0
hoist_TP_array.time_array[1381],0
hoist_TP_array.time_array[1382],0
hoist_TP_array.time_array[1383],0
hoist_TP_array.time_array[1384],0
hoist_TP_array.time_array[1385],0
hoist_TP_array.time_array[1386],0
hoist_TP_array.time_array[1387],0
hoist_TP_array.time_array[1388],0
hoist_TP_array.time_array[1389],0
hoist_TP_array.time_array[1390],0
hoist_TP_array.time_array[1391],0
hoist_TP_array.time_array[1392],0
hoist_TP_array.time_array[1393],0
hoist_TP_array.time_array[1394],0
hoist_TP_array.time_array[1395],0
hoist_TP_array.time_array[1396],0
hoist_TP_array.time_array[1397],0
hoist_TP_array.time_array[1398],0
hoist_TP_array.time_array[1399],0
hoist_TP_array.time_array[1400],0
hoist_TP_array.time_array[1401],0
hoist_TP_array.time_array[1402],0
hoist_TP_array.time_array[1403],0
hoist_TP_array.time_array[1404],0
hoist_TP_array.time_array[1405],0
hoist_TP_array.time_array[1406],0
hoist_TP_array.time_array[1407],0
hoist_TP_array.time_array[1408],0
hoist_TP_array.time_array[1409],0
hoist_TP_array.time_array[1410],0
hoist_TP_array.time_array[1411],0
hoist_TP_array.time_array[1412],0
hoist_TP_array.time_array[1413],0
hoist_TP_array.time_array[1414],0
hoist_TP_array.time_array[1415],0
hoist_TP_array.time_array[1416],0
hoist_TP_array.time_array[1417],0
hoist_TP_array.time_array[1418],0
hoist_TP_array.time_array[1419],0
hoist_TP_array.time_array[1420],0
hoist_TP_array.time_array[1421],0
hoist_TP_array.time_array[1422],0
hoist_TP_array.time_array[1423],0
hoist_TP_array.time_array[1424],0
hoist_TP_array.time_array[1425],0
hoist_TP_array.time_array[1426],0
hoist_TP_array.time_array[1427],0
hoist_TP_array.time_array[1428],0
hoist_TP_array.time_array[1429],0
hoist_TP_array.time_array[1430],0
hoist_TP_array.time_array[1431],0
hoist_TP_array.time_array[1432],0
hoist_TP_array.time_array[1433],0
hoist_TP_array.time_array[1434],0
hoist_TP_array.time_array[1435],0
hoist_TP_array.time_array[1436],0
hoist_TP_array.time_array[1437],0
hoist_TP_array.time_array[1438],0
hoist_TP_array.time_array[1439],0
hoist_TP_array.time_array[1440],0
hoist_TP_array.time_array[1441],0
hoist_TP_array.time_array[1442],0
hoist_TP_array.time_array[1443],0
hoist_TP_array.time_array[1444],0
hoist_TP_array.time_array[1445],0
hoist_TP_array.time_array[1446],0
hoist_TP_array.time_array[1447],0
hoist_TP_array.time_array[1448],0
hoist_TP_array.time_array[1449],0
hoist_TP_array.time_array[1450],0
hoist_TP_array.time_array[1451],0
hoist_TP_array.time_array[1452],0
hoist_TP_array.time_array[1453],0
hoist_TP_array.time_array[1454],0
hoist_TP_array.time_array[1455],0
hoist_TP_array.time_array[1456],0
hoist_TP_array.time_array[1457],0
hoist_TP_array.time_array[1458],0
hoist_TP_array.time_array[1459],0
hoist_TP_array.time_array[1460],0
hoist_TP_array.time_array[1461],0
hoist_TP_array.time_array[1462],0
hoist_TP_array.time_array[1463],0
hoist_TP_array.time_array[1464],0
hoist_TP_array.time_array[1465],0
hoist_TP_array.time_array[1466],0
hoist_TP_array.time_array[1467],0
hoist_TP_array.time_array[1468],0
hoist_TP_array.time_array[1469],0
hoist_TP_array.time_array[1470],0
hoist_TP_array.time_array[1471],0
hoist_TP_array.time_array[1472],0
hoist_TP_array.time_array[1473],0
hoist_TP_array.time_array[1474],0
hoist_TP_array.time_array[1475],0
hoist_TP_array.time_array[1476],0
hoist_TP_array.time_array[1477],0
hoist_TP_array.time_array[1478],0
hoist_TP_array.time_array[1479],0
hoist_TP_array.time_array[1480],0
hoist_TP_array.time_array[1481],0
hoist_TP_array.time_array[1482],0
hoist_TP_array.time_array[1483],0
hoist_TP_array.time_array[1484],0
hoist_TP_array.time_array[1485],0
hoist_TP_array.time_array[1486],0
hoist_TP_array.time_array[1487],0
hoist_TP_array.time_array[1488],0
hoist_TP_array.time_array[1489],0
hoist_TP_array.time_array[1490],0
hoist_TP_array.time_array[1491],0
hoist_TP_array.time_array[1492],0
hoist_TP_array.time_array[1493],0
hoist_TP_array.time_array[1494],0
hoist_TP_array.time_array[1495],0
hoist_TP_array.time_array[1496],0
hoist_TP_array.time_array[1497],0
hoist_TP_array.time_array[1498],0
hoist_TP_array.time_array[1499],0
hoist_TP_array.time_array[1500],0
hoist_TP_array.time_array[1501],0
hoist_TP_array.time_array[1502],0
hoist_TP_array.time_array[1503],0
hoist_TP_array.time_array[1504],0
hoist_TP_array.time_array[1505],0
hoist_TP_array.time_array[1506],0
hoist_TP_array.time_array[1507],0
hoist_TP_array.time_array[1508],0
hoist_TP_array.time_array[1509],0
hoist_TP_array.time_array[1510],0
hoist_TP_array.time_array[1511],0
hoist_TP_array.time_array[1512],0
hoist_TP_array.time_array[1513],0
hoist_TP_array.time_array[1514],0
hoist_TP_array.time_array[1515],0
hoist_TP_array.time_array[1516],0
hoist_TP_array.time_array[1517],0
hoist_TP_array.time_array[1518],0
hoist_TP_array.time_array[1519],0
hoist_TP_array.time_array[1520],0
hoist_TP_array.time_array[1521],0
hoist_TP_array.time_array[1522],0
hoist_TP_array.time_array[1523],0
hoist_TP_array.time_array[1524],0
hoist_TP_array.time_array[1525],0
hoist_TP_array.time_array[1526],0
hoist_TP_array.time_array[1527],0
hoist_TP_array.time_array[1528],0
hoist_TP_array.time_array[1529],0
hoist_TP_array.time_array[1530],0
hoist_TP_array.time_array[1531],0
hoist_TP_array.time_array[1532],0
hoist_TP_array.time_array[1533],0
hoist_TP_array.time_array[1534],0
hoist_TP_array.time_array[1535],0
hoist_TP_array.time_array[1536],0
hoist_TP_array.time_array[1537],0
hoist_TP_array.time_array[1538],0
hoist_TP_array.time_array[1539],0
hoist_TP_array.time_array[1540],0
hoist_TP_array.time_array[1541],0
hoist_TP_array.time_array[1542],0
hoist_TP_array.time_array[1543],0
hoist_TP_array.time_array[1544],0
hoist_TP_array.time_array[1545],0
hoist_TP_array.time_array[1546],0
hoist_TP_array.time_array[1547],0
hoist_TP_array.time_array[1548],0
hoist_TP_array.time_array[1549],0
hoist_TP_array.time_array[1550],0
hoist_TP_array.time_array[1551],0
hoist_TP_array.time_array[1552],0
hoist_TP_array.time_array[1553],0
hoist_TP_array.time_array[1554],0
hoist_TP_array.time_array[1555],0
hoist_TP_array.time_array[1556],0
hoist_TP_array.time_array[1557],0
hoist_TP_array.time_array[1558],0
hoist_TP_array.time_array[1559],0
hoist_TP_array.time_array[1560],0
hoist_TP_array.time_array[1561],0
hoist_TP_array.time_array[1562],0
hoist_TP_array.time_array[1563],0
hoist_TP_array.time_array[1564],0
hoist_TP_array.time_array[1565],0
hoist_TP_array.time_array[1566],0
hoist_TP_array.time_array[1567],0
hoist_TP_array.time_array[1568],0
hoist_TP_array.time_array[1569],0
hoist_TP_array.time_array[1570],0
hoist_TP_array.time_array[1571],0
hoist_TP_array.time_array[1572],0
hoist_TP_array.time_array[1573],0
hoist_TP_array.time_array[1574],0
hoist_TP_array.time_array[1575],0
hoist_TP_array.time_array[1576],0
hoist_TP_array.time_array[1577],0
hoist_TP_array.time_array[1578],0
hoist_TP_array.time_array[1579],0
hoist_TP_array.time_array[1580],0
hoist_TP_array.time_array[1581],0
hoist_TP_array.time_array[1582],0
hoist_TP_array.time_array[1583],0
hoist_TP_array.time_array[1584],0
hoist_TP_array.time_array[1585],0
hoist_TP_array.time_array[1586],0
hoist_TP_array.time_array[1587],0
hoist_TP_array.time_array[1588],0
hoist_TP_array.time_array[1589],0
hoist_TP_array.time_array[1590],0
hoist_TP_array.time_array[1591],0
hoist_TP_array.time_array[1592],0
hoist_TP_array.time_array[1593],0
hoist_TP_array.time_array[1594],0
hoist_TP_array.time_array[1595],0
hoist_TP_array.time_array[1596],0
hoist_TP_array.time_array[1597],0
hoist_TP_array.time_array[1598],0
hoist_TP_array.time_array[1599],0
hoist_TP_array.time_array[1600],0
hoist_TP_array.time_array[1601],0
hoist_TP_array.time_array[1602],0
hoist_TP_array.time_array[1603],0
hoist_TP_array.time_array[1604],0
hoist_TP_array.time_array[1605],0
hoist_TP_array.time_array[1606],0
hoist_TP_array.time_array[1607],0
hoist_TP_array.time_array[1608],0
hoist_TP_array.time_array[1609],0
hoist_TP_array.time_array[1610],0
hoist_TP_array.time_array[1611],0
hoist_TP_array.time_array[1612],0
hoist_TP_array.time_array[1613],0
hoist_TP_array.time_array[1614],0
hoist_TP_array.time_array[1615],0
hoist_TP_array.time_array[1616],0
hoist_TP_array.time_array[1617],0
hoist_TP_array.time_array[1618],0
hoist_TP_array.time_array[1619],0
hoist_TP_array.time_array[1620],0
hoist_TP_array.time_array[1621],0
hoist_TP_array.time_array[1622],0
hoist_TP_array.time_array[1623],0
hoist_TP_array.time_array[1624],0
hoist_TP_array.time_array[1625],0
hoist_TP_array.time_array[1626],0
hoist_TP_array.time_array[1627],0
hoist_TP_array.time_array[1628],0
hoist_TP_array.time_array[1629],0
hoist_TP_array.time_array[1630],0
hoist_TP_array.time_array[1631],0
hoist_TP_array.time_array[1632],0
hoist_TP_array.time_array[1633],0
hoist_TP_array.time_array[1634],0
hoist_TP_array.time_array[1635],0
hoist_TP_array.time_array[1636],0
hoist_TP_array.time_array[1637],0
hoist_TP_array.time_array[1638],0
hoist_TP_array.time_array[1639],0
hoist_TP_array.time_array[1640],0
hoist_TP_array.time_array[1641],0
hoist_TP_array.time_array[1642],0
hoist_TP_array.time_array[1643],0
hoist_TP_array.time_array[1644],0
hoist_TP_array.time_array[1645],0
hoist_TP_array.time_array[1646],0
hoist_TP_array.time_array[1647],0
hoist_TP_array.time_array[1648],0
hoist_TP_array.time_array[1649],0
hoist_TP_array.time_array[1650],0
hoist_TP_array.time_array[1651],0
hoist_TP_array.time_array[1652],0
hoist_TP_array.time_array[1653],0
hoist_TP_array.time_array[1654],0
hoist_TP_array.time_array[1655],0
hoist_TP_array.time_array[1656],0
hoist_TP_array.time_array[1657],0
hoist_TP_array.time_array[1658],0
hoist_TP_array.time_array[1659],0
hoist_TP_array.time_array[1660],0
hoist_TP_array.time_array[1661],0
hoist_TP_array.time_array[1662],0
hoist_TP_array.time_array[1663],0
hoist_TP_array.time_array[1664],0
hoist_TP_array.time_array[1665],0
hoist_TP_array.time_array[1666],0
hoist_TP_array.time_array[1667],0
hoist_TP_array.time_array[1668],0
hoist_TP_array.time_array[1669],0
hoist_TP_array.time_array[1670],0
hoist_TP_array.time_array[1671],0
hoist_TP_array.time_array[1672],0
hoist_TP_array.time_array[1673],0
hoist_TP_array.time_array[1674],0
hoist_TP_array.time_array[1675],0
hoist_TP_array.time_array[1676],0
hoist_TP_array.time_array[1677],0
hoist_TP_array.time_array[1678],0
hoist_TP_array.time_array[1679],0
hoist_TP_array.time_array[1680],0
hoist_TP_array.time_array[1681],0
hoist_TP_array.time_array[1682],0
hoist_TP_array.time_array[1683],0
hoist_TP_array.time_array[1684],0
hoist_TP_array.time_array[1685],0
hoist_TP_array.time_array[1686],0
hoist_TP_array.time_array[1687],0
hoist_TP_array.time_array[1688],0
hoist_TP_array.time_array[1689],0
hoist_TP_array.time_array[1690],0
hoist_TP_array.time_array[1691],0
hoist_TP_array.time_array[1692],0
hoist_TP_array.time_array[1693],0
hoist_TP_array.time_array[1694],0
hoist_TP_array.time_array[1695],0
hoist_TP_array.time_array[1696],0
hoist_TP_array.time_array[1697],0
hoist_TP_array.time_array[1698],0
hoist_TP_array.time_array[1699],0
hoist_TP_array.time_array[1700],0
hoist_TP_array.time_array[1701],0
hoist_TP_array.time_array[1702],0
hoist_TP_array.time_array[1703],0
hoist_TP_array.time_array[1704],0
hoist_TP_array.time_array[1705],0
hoist_TP_array.time_array[1706],0
hoist_TP_array.time_array[1707],0
hoist_TP_array.time_array[1708],0
hoist_TP_array.time_array[1709],0
hoist_TP_array.time_array[1710],0
hoist_TP_array.time_array[1711],0
hoist_TP_array.time_array[1712],0
hoist_TP_array.time_array[1713],0
hoist_TP_array.time_array[1714],0
hoist_TP_array.time_array[1715],0
hoist_TP_array.time_array[1716],0
hoist_TP_array.time_array[1717],0
hoist_TP_array.time_array[1718],0
hoist_TP_array.time_array[1719],0
hoist_TP_array.time_array[1720],0
hoist_TP_array.time_array[1721],0
hoist_TP_array.time_array[1722],0
hoist_TP_array.time_array[1723],0
hoist_TP_array.time_array[1724],0
hoist_TP_array.time_array[1725],0
hoist_TP_array.time_array[1726],0
hoist_TP_array.time_array[1727],0
hoist_TP_array.time_array[1728],0
hoist_TP_array.time_array[1729],0
hoist_TP_array.time_array[1730],0
hoist_TP_array.time_array[1731],0
hoist_TP_array.time_array[1732],0
hoist_TP_array.time_array[1733],0
hoist_TP_array.time_array[1734],0
hoist_TP_array.time_array[1735],0
hoist_TP_array.time_array[1736],0
hoist_TP_array.time_array[1737],0
hoist_TP_array.time_array[1738],0
hoist_TP_array.time_array[1739],0
hoist_TP_array.time_array[1740],0
hoist_TP_array.time_array[1741],0
hoist_TP_array.time_array[1742],0
hoist_TP_array.time_array[1743],0
hoist_TP_array.time_array[1744],0
hoist_TP_array.time_array[1745],0
hoist_TP_array.time_array[1746],0
hoist_TP_array.time_array[1747],0
hoist_TP_array.time_array[1748],0
hoist_TP_array.time_array[1749],0
hoist_TP_array.time_array[1750],0
hoist_TP_array.time_array[1751],0
hoist_TP_array.time_array[1752],0
hoist_TP_array.time_array[1753],0
hoist_TP_array.time_array[1754],0
hoist_TP_array.time_array[1755],0
hoist_TP_array.time_array[1756],0
hoist_TP_array.time_array[1757],0
hoist_TP_array.time_array[1758],0
hoist_TP_array.time_array[1759],0
hoist_TP_array.time_array[1760],0
hoist_TP_array.time_array[1761],0
hoist_TP_array.time_array[1762],0
hoist_TP_array.time_array[1763],0
hoist_TP_array.time_array[1764],0
hoist_TP_array.time_array[1765],0
hoist_TP_array.time_array[1766],0
hoist_TP_array.time_array[1767],0
hoist_TP_array.time_array[1768],0
hoist_TP_array.time_array[1769],0
hoist_TP_array.time_array[1770],0
hoist_TP_array.time_array[1771],0
hoist_TP_array.time_array[1772],0
hoist_TP_array.time_array[1773],0
hoist_TP_array.time_array[1774],0
hoist_TP_array.time_array[1775],0
hoist_TP_array.time_array[1776],0
hoist_TP_array.time_array[1777],0
hoist_TP_array.time_array[1778],0
hoist_TP_array.time_array[1779],0
hoist_TP_array.time_array[1780],0
hoist_TP_array.time_array[1781],0
hoist_TP_array.time_array[1782],0
hoist_TP_array.time_array[1783],0
hoist_TP_array.time_array[1784],0
hoist_TP_array.time_array[1785],0
hoist_TP_array.time_array[1786],0
hoist_TP_array.time_array[1787],0
hoist_TP_array.time_array[1788],0
hoist_TP_array.time_array[1789],0
hoist_TP_array.time_array[1790],0
hoist_TP_array.time_array[1791],0
hoist_TP_array.time_array[1792],0
hoist_TP_array.time_array[1793],0
hoist_TP_array.time_array[1794],0
hoist_TP_array.time_array[1795],0
hoist_TP_array.time_array[1796],0
hoist_TP_array.time_array[1797],0
hoist_TP_array.time_array[1798],0
hoist_TP_array.time_array[1799],0
hoist_TP_array.time_array[1800],0
hoist_TP_array.time_array[1801],0
hoist_TP_array.time_array[1802],0
hoist_TP_array.time_array[1803],0
hoist_TP_array.time_array[1804],0
hoist_TP_array.time_array[1805],0
hoist_TP_array.time_array[1806],0
hoist_TP_array.time_array[1807],0
hoist_TP_array.time_array[1808],0
hoist_TP_array.time_array[1809],0
hoist_TP_array.time_array[1810],0
hoist_TP_array.time_array[1811],0
hoist_TP_array.time_array[1812],0
hoist_TP_array.time_array[1813],0
hoist_TP_array.time_array[1814],0
hoist_TP_array.time_array[1815],0
hoist_TP_array.time_array[1816],0
hoist_TP_array.time_array[1817],0
hoist_TP_array.time_array[1818],0
hoist_TP_array.time_array[1819],0
hoist_TP_array.time_array[1820],0
hoist_TP_array.time_array[1821],0
hoist_TP_array.time_array[1822],0
hoist_TP_array.time_array[1823],0
hoist_TP_array.time_array[1824],0
hoist_TP_array.time_array[1825],0
hoist_TP_array.time_array[1826],0
hoist_TP_array.time_array[1827],0
hoist_TP_array.time_array[1828],0
hoist_TP_array.time_array[1829],0
hoist_TP_array.time_array[1830],0
hoist_TP_array.time_array[1831],0
hoist_TP_array.time_array[1832],0
hoist_TP_array.time_array[1833],0
hoist_TP_array.time_array[1834],0
hoist_TP_array.time_array[1835],0
hoist_TP_array.time_array[1836],0
hoist_TP_array.time_array[1837],0
hoist_TP_array.time_array[1838],0
hoist_TP_array.time_array[1839],0
hoist_TP_array.time_array[1840],0
hoist_TP_array.time_array[1841],0
hoist_TP_array.time_array[1842],0
hoist_TP_array.time_array[1843],0
hoist_TP_array.time_array[1844],0
hoist_TP_array.time_array[1845],0
hoist_TP_array.time_array[1846],0
hoist_TP_array.time_array[1847],0
hoist_TP_array.time_array[1848],0
hoist_TP_array.time_array[1849],0
hoist_TP_array.time_array[1850],0
hoist_TP_array.time_array[1851],0
hoist_TP_array.time_array[1852],0
hoist_TP_array.time_array[1853],0
hoist_TP_array.time_array[1854],0
hoist_TP_array.time_array[1855],0
hoist_TP_array.time_array[1856],0
hoist_TP_array.time_array[1857],0
hoist_TP_array.time_array[1858],0
hoist_TP_array.time_array[1859],0
hoist_TP_array.time_array[1860],0
hoist_TP_array.time_array[1861],0
hoist_TP_array.time_array[1862],0
hoist_TP_array.time_array[1863],0
hoist_TP_array.time_array[1864],0
hoist_TP_array.time_array[1865],0
hoist_TP_array.time_array[1866],0
hoist_TP_array.time_array[1867],0
hoist_TP_array.time_array[1868],0
hoist_TP_array.time_array[1869],0
hoist_TP_array.time_array[1870],0
hoist_TP_array.time_array[1871],0
hoist_TP_array.time_array[1872],0
hoist_TP_array.time_array[1873],0
hoist_TP_array.time_array[1874],0
hoist_TP_array.time_array[1875],0
hoist_TP_array.time_array[1876],0
hoist_TP_array.time_array[1877],0
hoist_TP_array.time_array[1878],0
hoist_TP_array.time_array[1879],0
hoist_TP_array.time_array[1880],0
hoist_TP_array.time_array[1881],0
hoist_TP_array.time_array[1882],0
hoist_TP_array.time_array[1883],0
hoist_TP_array.time_array[1884],0
hoist_TP_array.time_array[1885],0
hoist_TP_array.time_array[1886],0
hoist_TP_array.time_array[1887],0
hoist_TP_array.time_array[1888],0
hoist_TP_array.time_array[1889],0
hoist_TP_array.time_array[1890],0
hoist_TP_array.time_array[1891],0
hoist_TP_array.time_array[1892],0
hoist_TP_array.time_array[1893],0
hoist_TP_array.time_array[1894],0
hoist_TP_array.time_array[1895],0
hoist_TP_array.time_array[1896],0
hoist_TP_array.time_array[1897],0
hoist_TP_array.time_array[1898],0
hoist_TP_array.time_array[1899],0
hoist_TP_array.time_array[1900],0
hoist_TP_array.time_array[1901],0
hoist_TP_array.time_array[1902],0
hoist_TP_array.time_array[1903],0
hoist_TP_array.time_array[1904],0
hoist_TP_array.time_array[1905],0
hoist_TP_array.time_array[1906],0
hoist_TP_array.time_array[1907],0
hoist_TP_array.time_array[1908],0
hoist_TP_array.time_array[1909],0
hoist_TP_array.time_array[1910],0
hoist_TP_array.time_array[1911],0
hoist_TP_array.time_array[1912],0
hoist_TP_array.time_array[1913],0
hoist_TP_array.time_array[1914],0
hoist_TP_array.time_array[1915],0
hoist_TP_array.time_array[1916],0
hoist_TP_array.time_array[1917],0
hoist_TP_array.time_array[1918],0
hoist_TP_array.time_array[1919],0
hoist_TP_array.time_array[1920],0
hoist_TP_array.time_array[1921],0
hoist_TP_array.time_array[1922],0
hoist_TP_array.time_array[1923],0
hoist_TP_array.time_array[1924],0
hoist_TP_array.time_array[1925],0
hoist_TP_array.time_array[1926],0
hoist_TP_array.time_array[1927],0
hoist_TP_array.time_array[1928],0
hoist_TP_array.time_array[1929],0
hoist_TP_array.time_array[1930],0
hoist_TP_array.time_array[1931],0
hoist_TP_array.time_array[1932],0
hoist_TP_array.time_array[1933],0
hoist_TP_array.time_array[1934],0
hoist_TP_array.time_array[1935],0
hoist_TP_array.time_array[1936],0
hoist_TP_array.time_array[1937],0
hoist_TP_array.time_array[1938],0
hoist_TP_array.time_array[1939],0
hoist_TP_array.time_array[1940],0
hoist_TP_array.time_array[1941],0
hoist_TP_array.time_array[1942],0
hoist_TP_array.time_array[1943],0
hoist_TP_array.time_array[1944],0
hoist_TP_array.time_array[1945],0
hoist_TP_array.time_array[1946],0
hoist_TP_array.time_array[1947],0
hoist_TP_array.time_array[1948],0
hoist_TP_array.time_array[1949],0
hoist_TP_array.time_array[1950],0
hoist_TP_array.time_array[1951],0
hoist_TP_array.time_array[1952],0
hoist_TP_array.time_array[1953],0
hoist_TP_array.time_array[1954],0
hoist_TP_array.time_array[1955],0
hoist_TP_array.time_array[1956],0
hoist_TP_array.time_array[1957],0
hoist_TP_array.time_array[1958],0
hoist_TP_array.time_array[1959],0
hoist_TP_array.time_array[1960],0
hoist_TP_array.time_array[1961],0
hoist_TP_array.time_array[1962],0
hoist_TP_array.time_array[1963],0
hoist_TP_array.time_array[1964],0
hoist_TP_array.time_array[1965],0
hoist_TP_array.time_array[1966],0
hoist_TP_array.time_array[1967],0
hoist_TP_array.time_array[1968],0
hoist_TP_array.time_array[1969],0
hoist_TP_array.time_array[1970],0
hoist_TP_array.time_array[1971],0
hoist_TP_array.time_array[1972],0
hoist_TP_array.time_array[1973],0
hoist_TP_array.time_array[1974],0
hoist_TP_array.time_array[1975],0
hoist_TP_array.time_array[1976],0
hoist_TP_array.time_array[1977],0
hoist_TP_array.time_array[1978],0
hoist_TP_array.time_array[1979],0
hoist_TP_array.time_array[1980],0
hoist_TP_array.time_array[1981],0
hoist_TP_array.time_array[1982],0
hoist_TP_array.time_array[1983],0
hoist_TP_array.time_array[1984],0
hoist_TP_array.time_array[1985],0
hoist_TP_array.time_array[1986],0
hoist_TP_array.time_array[1987],0
hoist_TP_array.time_array[1988],0
hoist_TP_array.time_array[1989],0
hoist_TP_array.time_array[1990],0
hoist_TP_array.time_array[1991],0
hoist_TP_array.time_array[1992],0
hoist_TP_array.time_array[1993],0
hoist_TP_array.time_array[1994],0
hoist_TP_array.time_array[1995],0
hoist_TP_array.time_array[1996],0
hoist_TP_array.time_array[1997],0
hoist_TP_array.time_array[1998],0
hoist_TP_array.time_array[1999],0
